<botcomponent_workflowset>
  <botcomponent_workflow botcomponentid.schemaname="cr42d_memoryWeaver.component.MemoryWeaver_Flow" workflowid.workflowid="d5dea9d7-771b-f011-998a-000d3a3bc023">
    <iscustomizable>1</iscustomizable>
  </botcomponent_workflow>
  <botcomponent_workflow botcomponentid.schemaname="cr42d_memoryWeaver.topic.RetrieveMemory_R9Q" workflowid.workflowid="d5dea9d7-771b-f011-998a-000d3a3bc023">
    <iscustomizable>1</iscustomizable>
  </botcomponent_workflow>
</botcomponent_workflowset>