{
  "$kind": "BotConfiguration",
  "settings": {
    "GenerativeActionsEnabled": true
  },
  "gPTSettings": {
    "$kind": "GPTSettings",
    "defaultSchemaName": "cr42d_memoryWeaver.gpt.default"
  },
  "aISettings": {
    "$kind": "AISettings",
    "useModelKnowledge": true,
    "isFileAnalysisEnabled": false,
    "isSemanticSearchEnabled": true,
    "contentModeration": "High",
    "optInUseLatestModels": false
  },
  "recognizer": {
    "$kind": "GenerativeAIRecognizer"
  }
}