{
  "properties": {
    "connectionReferences": {},
    "definition": {
      "$schema": "https://schema.management.azure.com/providers/Microsoft.Logic/schemas/2016-06-01/workflowdefinition.json#",
      "contentVersion": "1.0.0.0",
      "parameters": {
        "$authentication": {
          "defaultValue": {},
          "type": "SecureObject"
        },
        "$connections": {
          "defaultValue": {},
          "type": "Object"
        }
      },
      "triggers": {
        "manual": {
          "type": "Request",
          "kind": "Skills",
          "inputs": {
            "schema": {
              "type": "object",
              "properties": {
                "text": {
                  "description": "Please enter your input",
                  "title": "searchQuery",
                  "type": "string",
                  "x-ms-content-hint": "TEXT",
                  "x-ms-dynamically-added": true
                }
              },
              "required": [
                "text"
              ]
            }
          },
          "metadata": {
            "operationMetadataId": "b8f61c18-7224-4f8a-9c5f-72fbce5df764"
          }
        }
      },
      "actions": {
        "HTTP": {
          "type": "Http",
          "inputs": {
            "uri": "https://memoryweaver.search.windows.net/indexes/memories/docs/search?api-version=2023-07-01-Preview",
            "method": "POST",
            "headers": {
              "Content-Type": "application/json",
              "api-key": "sUDF3HITBvxVxZqtjof2bB0IAG1cAEOTe6QR7AQTPmAzSeAjcrlN"
            },
            "body": {
              "search": "@triggerBody()?['text']",
              "queryType": "semantic",
              "semanticConfiguration": "default",
              "top": 1
            }
          },
          "runAfter": {},
          "runtimeConfiguration": {
            "contentTransfer": {
              "transferMode": "Chunked"
            }
          }
        },
        "Parse_JSON": {
          "type": "ParseJson",
          "inputs": {
            "content": "@body('HTTP')",
            "schema": {
              "type": "object",
              "properties": {
                "value": {
                  "type": "array",
                  "items": {
                    "type": "object",
                    "properties": {
                      "title": {
                        "type": "string"
                      },
                      "date": {
                        "format": "date-time"
                      },
                      "sourceApp": {
                        "type": "string"
                      },
                      "content": {
                        "type": "string"
                      }
                    },
                    "required": [
                      "title",
                      "date",
                      "sourceApp",
                      "content"
                    ]
                  }
                }
              }
            }
          },
          "runAfter": {
            "HTTP": [
              "Succeeded"
            ]
          }
        },
        "Respond_to_Copilot": {
          "type": "Response",
          "kind": "Skills",
          "inputs": {
            "schema": {
              "type": "object",
              "properties": {
                "test1": {
                  "title": "Test1",
                  "description": "",
                  "type": "string",
                  "x-ms-content-hint": "TEXT",
                  "x-ms-dynamically-added": true
                }
              },
              "additionalProperties": {}
            },
            "statusCode": 200,
            "body": {
              "test1": "{\n  \"value\": @{body('Parse_JSON')?['value']}\n}"
            }
          },
          "runAfter": {
            "Parse_JSON": [
              "Succeeded"
            ]
          }
        }
      },
      "outputs": {},
      "description": "When an agent calls the flow and send back a response."
    },
    "templateName": null
  },
  "schemaVersion": "1.0.0.0"
}